marketid,productid,type,firm,p,x,constant,d,w,c,nprod_1,nprod_2,nprod_3,q
2,1,1,1,5.49211549515581,0.665711213555273,1,-0.219178902365039,0.217971361322905,5.24332010719178,2,0,2,6.68798514582534e-11
2,3,1,3,3.38718688724261,-0.937891846638944,1,-1.06613504339296,0.172385899426213,3.1383914851427,2,0,2,5.57537469735629e-08
2,5,1,2,0.340257862807173,1.14074795188093,1,0.895444464695181,-2.88182840857303,-0.779628549545617,2,0,2,0.553526248796194
3,1,1,1,4.82133716702261,0.411980956023291,1,-0.200255123029902,0.1485061650319,4.57124473388275,2,0,1,1.30892354357299e-06
3,3,1,3,3.42182022036248,-0.299525350171919,1,0.690906405075938,-1.36989561270893,2.92130506997073,2,0,1,0.00209979693161091
3,4,2,2,1.54630503303315,-0.092688864316709,1,-1.43339193693934,-0.875977792730584,1.04113375122611,2,0,0,0.0106854633778059
4,1,1,1,5.07937042045281,-0.222765404004739,1,-0.366944648684867,0.318551080237402,4.82935450527556,2,0,2,5.46707960798493e-08
4,3,1,3,2.95279457628523,1.00274750031858,1,1.56322871311097,-0.965015028122607,2.44652455454166,2,0,2,0.0128387663713309
4,5,1,2,4.96943049501628,-1.31048696558437,1,-0.760733898420328,0.0759474062974277,4.7194147380732,2,0,2,3.86099832567104e-08
5,4,2,2,3.93644379290417,-3.04103462656197,1,-3.07870438917462,-0.26143624927563,3.93644379290417,1,1,0,1.75297782530087e-05
5,5,1,2,9.38104518718347,-1.21024676284561,1,-0.634646199041528,1.63397335161298,9.38104518718347,1,1,0,3.7678770639367e-09
6,3,1,3,3.86286591607404,0.608558175238658,1,0.466430798326826,-0.841581184569123,3.44551448308548,1,0,0,0.000702388695817533
6,4,2,2,3.37264237269414,-0.189332384392505,1,-0.14221660132943,0.525343902257159,2.95516646290509,1,0,0,0.00101870412782666
7,1,1,1,6.36521875034487,-0.40557162460161,1,-0.459479900397169,2.24440443525018,6.11520336785209,2,0,1,9.71930345338884e-11
7,3,1,3,1.73331310436676,-1.50076511985766,1,0.106859053935175,-1.08337752673037,1.21610762648487,2,0,1,0.0335733871275048
7,4,2,2,4.89696631125824,1.17753895805665,1,0.627711666472206,0.272193974611282,4.39707446343876,2,0,0,0.000100991381603202
8,1,1,1,6.04459851798812,1.69850019576594,1,2.29314632572698,0.407237011921377,6.04459851798812,1,0,0,5.56679227070655e-05
8,4,2,2,7.20906556883772,-1.72052865390707,1,-1.79264204637268,0.946294230030567,7.20906556883772,1,0,0,9.11436553743895e-08
9,1,1,1,0.838016218490106,-1.10110599836127,1,-1.14960698710792,-1.71817725552548,0.308321505578333,1,1,0,0.0559480222889402
9,2,2,1,5.12158253243472,1.24077363507738,1,1.20444266524941,-0.00381284991088413,4.59188781950969,1,1,0,0.000112066829998072
10,3,1,3,2.90587951972216,-0.279789523120792,1,0.0489041531397961,-1.5226767683478,2.41605039866562,1,0,1,0.00313208019672974
10,5,1,2,4.75484144788769,0.815739564089578,1,-0.722520859197446,0.0590853366860623,4.50554409684197,1,0,1,4.10965884112496e-07
11,1,1,1,0.977526419914751,-0.589801207132776,1,-0.715341708831313,-1.83037484278675,0.427330247690246,3,1,1,0.0628878862527989
11,2,2,1,2.33907525204198,1.12046566566441,1,1.21977036272198,-0.279858796194918,1.79098551599145,3,1,1,0.0285437400919184
11,3,1,3,5.34497270171054,0.985311358160747,1,1.03043407583559,-0.175458854434495,5.0949654254163,3,0,1,5.3443795905847e-08
11,4,2,2,2.49366483243829,-0.667369971480695,1,-1.24843739282056,-0.804109525050201,2.24316184825951,3,0,1,0.000110434114818248
12,3,1,3,4.8687702810811,-0.000439197741975009,1,-0.19266723718981,-0.577634470168849,4.8687702810811,2,0,1,4.86790672965605e-05
12,4,2,2,6.56758088595993,0.822376561553182,1,0.61682946844415,0.949971646114797,6.56758088595993,2,1,0,3.65876593804012e-06
12,5,1,2,7.47819571411055,-1.12797356434465,1,-1.39951237554528,0.82896120189444,7.47819571411055,2,1,1,1.27659639661458e-10
13,1,1,1,4.05621273115649,0.185043575350445,1,-0.05819275098435,-0.203693474870072,3.40311653998226,2,1,0,0.000216518674884893
13,2,2,1,1.1301818294735,0.851766586067139,1,1.07624039323446,-1.32649076613298,0.477191288183901,2,1,1,0.234237481173601
13,4,2,2,2.58728407824743,0.0838861210645166,1,-0.373515396014028,-1.40624425210956,2.33784082253901,2,0,1,3.79462309581267e-05
16,1,1,1,2.25570708812815,2.08404548231977,1,2.23724030723904,-0.736670544381758,1.70430560431584,2,0,1,0.0932201760445248
16,4,2,2,4.62315402981443,2.03497758921145,1,2.06625870481519,-0.472706483147539,4.1228087318056,2,1,0,0.000690105306974062
16,5,1,2,5.21814703978819,0.967968004230986,1,0.870723084090521,0.144633885709873,4.9679743316947,2,1,1,4.32795607066008e-08
17,2,2,1,3.11812721348267,0.653213133832504,1,0.671259541498195,-0.20461511200157,2.6284848854794,1,0,1,0.00381207693474228
17,4,2,2,5.05107260654553,0.977507609501374,1,1.29368910992074,0.405669161152253,4.80160080318048,1,0,1,5.80666857508158e-06
19,1,1,1,4.54292680428365,-0.00156555765622489,1,-0.186162485964379,0.24894026161353,4.29292816218293,1,0,1,3.476412093277e-08
19,5,1,2,1.2671564775614,0.694242264935945,1,0.97424042387666,-1.56435668897506,0.662100514573172,1,0,1,0.173636219103578
20,1,1,1,6.35731294691904,0.590497494261657,1,0.158953482978126,0.396601436459074,5.90645805383412,3,1,2,3.28471270472299e-06
20,2,2,1,2.51624423167279,0.228690232963035,1,0.198962325100431,-0.76902561739061,2.01251032822414,3,1,0,0.00789554368291895
20,3,1,3,7.11964719865199,-1.1500677345798,1,-1.59661760001218,0.895492830068255,6.86948948202355,3,0,2,4.64854978831689e-09
20,5,1,2,6.58259097530204,-0.467581498407409,1,-0.402875842247572,0.930460113905833,6.31713131044162,3,0,2,4.33661253049087e-07
21,1,1,1,2.59031496623232,-0.450602532054412,1,-1.17729323626267,-1.05555999880375,2.33928787710198,1,0,1,0.000151384378031353
21,5,1,2,1.39360815182798,-0.226676181161201,1,-1.15619528470798,-1.60188878308998,0.888222879911756,1,0,1,0.0189364764698398
22,2,2,1,5.5760522750263,0.506322695710018,1,1.15591004418969,0.441979848969598,5.5760522750263,2,0,1,4.16033056110194e-06
22,4,2,2,3.42685691286544,-0.295829671967371,1,-0.753544884711908,-0.955017130018128,3.42685691286544,2,1,1,0.000494459933621969
22,5,1,2,4.83516955724233,0.295775194724242,1,0.436111474769176,0.255593539756197,4.83516955724233,2,1,0,9.75813646105568e-05
23,1,1,1,4.04822322205386,0.617370919852664,1,0.00358247775960685,0.0619118619206447,4.04822322205386,1,1,0,0.000305601169487439
23,2,2,1,6.15443474466205,2.23751034279587,1,2.5887263517387,1.26532643626121,6.15443474466205,1,1,0,6.0039441999197e-05
24,1,1,1,10.2593278819801,-0.0765792423983048,1,0.695091661790689,2.2116513892466,10.0092609109049,2,0,1,5.14565999913755e-11
24,4,2,2,1.06281128340547,-0.162122642749689,1,-0.119363039038574,-2.0858757946705,0.509846701345152,2,1,0,0.0957828655434854
24,5,1,2,8.13477520966646,-0.498463089919254,1,0.211750849149534,1.53163658050621,7.58210665394131,2,1,1,9.60157767161648e-08
25,1,1,1,10.1226144122437,0.348219936817076,1,-0.151653268896794,2.44069867180988,10.1226144122437,3,0,2,6.01624148320828e-14
25,3,1,3,5.16455093456567,-1.74820528451657,1,-1.03683505641048,0.228218604650344,5.16455093456567,3,0,2,4.20246945396579e-06
25,4,2,2,6.26649594631743,0.0888378797982509,1,-0.0830332231733446,1.66366315499235,6.26649594631743,3,1,0,3.31829201673766e-06
25,5,1,2,5.76405175850005,2.03664713420563,1,1.10546183074766,0.689134239745463,5.76405175850005,3,1,2,2.77230111651674e-05
27,1,1,1,1.14594758723401,1.17983543726822,1,0.432598051254888,-1.17391115816014,0.568056080362749,3,1,2,0.134784790139939
27,2,2,1,6.94691843738737,0.717866502018699,1,0.497289080564192,0.556839086404191,6.36902669205857,3,1,0,1.31545705241966e-06
27,3,1,3,5.00434259261472,0.48939863223006,1,0.794949022790468,0.693811827176585,4.75434253456535,3,0,2,5.51640701809443e-08
27,5,1,2,6.23795377428861,0.601058121913842,1,0.860113926189085,0.884931163491765,5.98795377381831,3,0,2,4.52122064654198e-10
28,2,2,1,5.8236202361995,0.724070221497858,1,0.945788080436328,1.33840385654941,5.8236202361995,1,0,1,2.24185270079934e-05
28,4,2,2,6.77320927634654,-0.662244442544756,1,0.451031916014598,0.850087426604025,6.77320927634654,1,0,1,1.86750687448964e-07
29,1,1,1,3.05785518457495,1.01192603876376,1,0.705086354413896,-0.601478962341554,2.82358255070661,1,0,1,1.72569915529674e-05
29,5,1,2,0.417698021559146,0.43635996631629,1,0.458898028656675,-1.46118498612995,-0.425356325042436,1,0,1,0.406959670294582
30,3,1,3,4.048483085879,-1.32660430719975,1,-0.751296994185724,0.241187973347879,3.82880724272107,1,0,1,3.65417454512795e-08
30,5,1,2,0.943944740468615,0.541373726813974,1,0.977897619845047,-1.43361830401038,0.242681131075018,1,0,1,0.287001479208247
31,2,2,1,2.48766759180771,1.27946735505578,1,1.17289081494599,-0.390629306236614,1.97670886636205,1,0,0,0.0218290117601012
31,3,1,3,8.53596708955935,1.3779641762863,1,1.74662810576147,1.68502562478335,8.03616178927582,1,0,0,2.1613187483003e-07
32,3,1,3,1.33186032091502,0.673453239969263,1,0.838586865324236,-1.34400257296821,0.846824970451325,1,0,1,0.125918525093558
32,5,1,2,2.52801255894025,1.21732855298351,1,2.3896569723488,-0.534187264774597,2.25326022210244,1,0,1,0.0234100714474839
33,1,1,1,3.80278929080857,1.70281650459455,1,2.0728629775109,0.390309973681046,3.31026511221855,3,1,1,0.0039245600747707
33,2,2,1,2.58566652058667,-0.870504027822307,1,-0.38767872695891,-0.739082748781341,2.09451694174901,3,1,1,0.00381637014907637
33,4,2,2,3.92863854215298,-0.0369847376246321,1,-0.554825713634832,0.253579821600869,3.67898135202181,3,1,1,1.26907447440774e-05
33,5,1,2,5.67531656268388,-0.487191545923797,1,-0.51969196600396,-0.111134211014267,5.42609672814929,3,1,1,1.22747688865652e-08
34,1,1,1,2.22406743750596,-0.605157704270806,1,-0.570385553329697,-0.467522829464446,1.95599037555517,3,0,2,0.00236356019753319
34,3,1,3,5.70753780853958,0.475345436737234,1,0.620366089724976,0.54037926141901,5.4575363140689,3,0,2,2.27212679629112e-08
34,4,2,2,3.65291939295926,0.596465227301756,1,-0.278564409192548,-0.375595592021664,3.14596383195539,3,1,0,0.000498997429069793
34,5,1,2,3.18149799591923,1.89183763092778,1,2.28396022375747,-1.13261132609382,2.73368904298108,3,1,2,0.0154736466548933
35,2,2,1,11.2317722841822,-0.129416061470446,1,-0.205049694524703,3.46869377332074,10.7320213836722,1,0,0,1.41970729043535e-10
35,3,1,3,2.08912347317863,0.0674472579938131,1,-0.808306191957793,-1.17633189826839,1.58595977550539,1,0,0,0.00678284201573255
36,1,1,1,1.93158239694966,-0.728371483117048,1,-0.830252830093731,-0.56624588271182,1.50732315458844,2,0,2,0.00817393673713427
36,3,1,3,2.43843560389642,-0.844429324768297,1,-0.552772894656901,-0.751128259778755,2.16243322686669,2,0,2,0.0018747919413934
36,5,1,2,4.64012703890609,-0.22511236895462,1,-0.0403157030627528,-0.704106622796792,4.3901171040789,2,0,2,7.82236316408215e-07
37,1,1,1,6.78608274212274,1.08058849592129,1,0.306262340248793,1.81279493388306,6.53604493277406,3,1,1,2.36233976798259e-08
37,2,2,1,8.11909520672496,1.05431416734108,1,1.46985766219154,1.29455743188968,7.86908035042048,3,1,1,2.07849023943135e-11
37,3,1,3,4.86701650723832,0.943960923122337,1,0.75595630471131,-1.00713864560237,4.3672949013746,3,0,1,0.000125227895015121
37,4,2,2,3.15007043165237,1.0902949663348,1,1.35306530053412,-1.39730593630539,2.64676820723292,3,0,1,0.00705315769646826
38,2,2,1,3.63092720876281,0.698205990678813,1,0.143750867822667,0.200104934652728,3.21374761184086,2,0,1,0.000809637528734203
38,3,1,3,5.67778731204203,-0.334030116101602,1,-0.119024687251935,0.857296652488916,5.26092175459738,2,0,0,1.0382180161595e-05
38,4,2,2,9.83621951637317,0.25113733579043,1,0.812427684016594,2.02617613610845,9.58199507094308,2,0,1,5.12152270429992e-14
40,1,1,1,1.16718508637019,-0.787535931818982,1,-0.6370141182026,-1.60842237987414,0.641579500337593,1,0,1,0.0487350305990964
40,5,1,2,4.5985097764989,0.28578730977801,1,0.780249479480373,0.364441257357484,4.34850733864825,1,0,1,9.0790257670885e-07
41,3,1,3,3.36769891750562,-0.798665655475177,1,-0.188636961943934,-0.781003475563733,2.95037091948685,1,0,0,0.000982712997304306
41,4,2,2,4.72400514314339,1.07666102345842,1,0.799961140822934,-0.136029437291543,4.30699459296176,1,0,0,0.000175265639477433
42,1,1,1,1.97739679596056,-0.767838134446994,1,-1.16198718753306,-1.3264425745174,1.7272665383301,2,0,1,0.000150634140035844
42,4,2,2,3.81704138349561,-0.550014968028151,1,-0.110903947221147,-0.427707922346518,3.21757310608138,2,1,0,0.000360942312342338
42,5,1,2,0.334047478412342,-0.110553518119849,1,-0.947069988546563,-2.36687770000544,-0.264877157883475,2,1,1,0.165725096815927
44,1,1,1,6.05635028062107,-0.163780011457265,1,-0.512923760661627,0.997992349649108,6.05635028062107,1,0,0,3.28661907156688e-06
44,4,2,2,5.50722124416146,0.496714703676943,1,0.358106134765233,0.583884143761653,5.50722124416146,1,0,0,2.35505074245416e-05
45,2,2,1,7.20037671430397,-0.907343098393508,1,-1.13788875636546,1.47346339274817,7.20037671430397,1,0,1,3.4551996128138e-10
45,4,2,2,4.78589582249259,0.536943164229847,1,0.280383891638637,0.264978869175881,4.78589582249259,1,0,1,9.22044802285858e-05
47,2,2,1,6.20533695436955,1.78880378512662,1,1.55201064635733,0.886378455723319,5.71707925539661,2,0,0,1.92018259093602e-05
47,3,1,3,4.19658219259166,1.72310477724561,1,2.08367625342188,0.00393879943533699,3.70989634514685,2,0,1,0.00181022508744599
47,5,1,2,3.3195781184922,-0.723124626165039,1,-2.23118916600504,-0.461543775722812,3.06949628358158,2,0,1,1.07994146304505e-05
49,1,1,1,3.84088651460314,0.113297738844288,1,-0.565301266967069,0.0596885120835066,3.35248579624846,1,0,0,0.000261467763820245
49,4,2,2,4.5760719546968,2.07344199024705,1,2.86791555637127,-0.585859953783705,4.0868932095173,1,0,0,0.00186153546495526
50,1,1,1,5.4115716716562,-0.703174507377499,1,-0.861947644772317,0.624281790793077,5.4115716716562,3,1,1,5.38847716993277e-06
50,2,2,1,7.85063947699687,0.634353169642413,1,0.149719196160872,0.738273796125992,7.85063947699687,3,1,1,6.30458477574258e-10
50,3,1,3,5.79635497146791,-0.285934687141359,1,0.090102040930286,1.77765074716227,5.79635497146791,3,0,1,7.76191427263264e-06
50,4,2,2,4.32901002612846,-1.02321141862591,1,-1.26059444437463,-0.271759969796954,4.32901002612846,3,0,1,4.92459564312832e-05
51,4,2,2,6.22614717274518,-0.371766468914675,1,0.112298084223535,0.236463283290039,5.9759375958254,1,1,0,4.37106313709852e-06
51,5,1,2,3.2230294843256,-0.222197444791625,1,-1.1472877766688,-0.63874736529236,2.97281992404195,1,1,0,0.000503536285585962
52,2,2,1,3.75095352668065,1.4729034314362,1,2.22126562434179,-0.00838638919451497,3.24866297023124,2,0,0,0.00504386726819826
52,3,1,3,1.33375784928011,-2.86534461145961,1,-2.90660838767448,-1.40857510546978,0.855619324586472,2,0,1,0.00366740162897123
52,5,1,2,2.98436284161377,-0.316765387984151,1,-1.08648437550288,0.614155899207783,2.72803452715774,2,0,1,0.000189628471047395
53,1,1,1,5.25684938978197,2.60362716241319,1,1.993003450582,1.38693879567029,4.77169333597038,2,1,1,0.000197187319759246
53,2,2,1,2.76035195022951,-0.289896789870584,1,-0.00590349013458369,0.0442005205723857,2.26988085744255,2,1,0,0.00396290180195891
53,5,1,2,5.83180718352169,0.607648123759245,1,0.973974378165393,0.987493377911782,5.58083304606791,2,0,1,2.57606958035654e-06
54,1,1,1,7.18223820871422,-0.797271115312868,1,-0.960928003715018,0.628637632581709,6.76531392546015,1,0,0,2.20694007767674e-07
54,4,2,2,2.48424207347681,-1.79858287909299,1,-1.85804049522067,-0.681741828895183,2.0668919965517,1,0,0,0.00108344565395073
56,1,1,1,4.15453751747937,0.402634831859866,1,-0.0319444043546743,0.36174494904105,3.86866777564742,3,1,2,0.000112447416973308
56,2,2,1,2.24974563413816,-0.269568527296328,1,0.151024870460626,-0.739132939896213,1.74348168448206,3,1,0,0.0127553693920453
56,3,1,3,4.24969739926051,0.400188269010161,1,0.610243984145824,0.065025314856281,3.90156847812513,3,0,2,0.000277611584195143
56,5,1,2,4.23228854930794,0.435286438892866,1,0.0777485063753168,0.312560558156966,3.95321378525313,3,0,2,0.000102603023574637
58,1,1,1,7.22657988414098,-1.64208075652209,1,-2.02648407055465,1.16608805905413,7.22657988414098,1,0,1,4.22234704753238e-11
58,3,1,3,5.26114897416585,0.72324442969826,1,1.45094006018939,1.16689266553289,5.26114897416585,1,0,1,0.000114897173196732
59,1,1,1,4.49414133156935,0.262481111808731,1,0.360626722382241,0.0667444670443421,3.98968728208141,2,1,0,0.000177404456851456
59,2,2,1,1.92333180543308,-0.513943087492406,1,-0.834406104124379,-1.06045414944915,1.42089021589921,2,1,1,0.00916360181525631
59,4,2,2,2.96997971138586,-1.61702570424286,1,-1.4949069873557,0.321947244178196,2.7194555917095,2,0,1,3.71662540872752e-05
60,1,1,1,1.23207933270937,1.95200918109128,1,2.38644086067978,-1.40076250181516,0.28510918767933,2,1,1,0.47832699171809
60,2,2,1,8.24871056607935,-1.54509640905325,1,-0.670393312518599,0.891942475267547,7.29791673609544,2,1,0,1.81538368020289e-08
60,3,1,3,1.3326168051422,-0.109370500712225,1,0.059206246662258,-0.74326231674761,1.08144014046254,2,0,1,0.00304553159005348
61,1,1,1,6.1651438947138,-0.5892282363349,1,-0.410688727101297,0.829544046611256,5.91512788741711,4,1,2,8.71697807027262e-09
61,2,2,1,5.04425129111286,-0.835774201505133,1,-1.48886658204996,0.23512283218573,4.79423614039688,4,1,1,1.34879774299745e-08
61,3,1,3,6.39159821744404,-0.360006221056475,1,-0.0353190941234832,1.03155682616301,6.14158237326091,4,0,2,7.46476986004078e-09
61,4,2,2,2.69246800288165,-0.0713562779302274,1,0.344245380522558,-0.138312374425987,2.18899475180303,4,1,1,0.00642145834226949
61,5,1,2,3.23525231696318,-0.313141058930667,1,-0.460881889994927,0.474675033631018,2.73178634602823,4,1,2,0.000969419397020995
62,1,1,1,3.25705829672149,1.87130914056724,1,1.55140215665166,-0.770360652012527,3.00476810578833,2,1,1,0.00087044142300395
62,2,2,1,5.65867419931696,-0.620929110694383,1,0.208071720428969,1.12184453377151,5.15856904708178,2,1,0,1.4214256185609e-05
62,5,1,2,1.15835356229188,-0.438811789699913,1,-0.622868215921272,-2.5110098434979,0.641596397843537,2,0,1,0.0497755241024927
63,3,1,3,4.08188375980292,0.0111916559903901,1,0.0204712112219099,1.21663806176681,3.64980974306057,2,0,1,0.000267839418623265
63,4,2,2,3.19314651087793,0.569982069044954,1,0.732765998749022,0.327921307212166,2.70302606373655,2,1,0,0.00349179571894021
63,5,1,2,3.71351478203347,-1.35650929186051,1,-1.60560901131467,-0.770773645342632,3.44314454445353,2,1,1,4.52273993136603e-05
64,1,1,1,3.30684776278952,1.87157024891512,1,2.23324230009951,-0.681199903671257,3.01464960069132,2,1,1,0.00533404966571665
64,2,2,1,1.48299888870852,-0.475767923055751,1,-0.139773606873695,-1.60223581810721,0.959686837502309,2,1,0,0.0417740148779609
64,5,1,2,2.09242948300498,0.322559901087786,1,0.470862622338441,-2.46273148386997,1.67171760276598,2,0,1,0.0202271244959409
65,1,1,1,5.29793425543417,0.56518321473123,1,0.5447065052353,0.807403728974013,5.06401905842844,2,1,1,1.6537150873008e-09
65,2,2,1,6.78899973851596,-0.00656137522108299,1,-0.222301848111934,0.137714007764247,6.30466881919518,2,1,0,6.07009144534436e-07
65,5,1,2,0.723849363549453,0.491405718891936,1,1.05119557000486,-1.84594818690614,-0.112483494778946,2,0,1,0.402152537878644
66,1,1,1,8.06495099660049,-0.596514089828137,1,-0.874327977627401,1.71861711205727,7.81470659221637,1,1,0,4.12002154470698e-08
66,2,2,1,4.18073077789836,1.01967950622334,1,0.930326757860678,0.0168783784702345,3.93048639720689,1,1,0,0.000592163855514185
67,1,1,1,2.97604040817706,-0.781941049540533,1,-0.921944110428792,-1.14871150692826,2.55872128712781,1,0,0,0.0010332334599386
67,4,2,2,5.70114369076218,-0.65629153829286,1,-1.18413486139862,0.512059693394371,5.28422934982399,1,0,0,3.4145684952246e-06
68,1,1,1,3.95156045923865,0.706832239544939,1,0.417474907894785,-0.499739190316729,3.70148880213631,2,1,1,1.06009029369065e-05
68,2,2,1,3.93265124557622,-1.86975143622239,1,-2.5086816248084,-0.148607210843877,3.43280854142168,2,1,0,3.03574532023829e-05
68,5,1,2,2.28299767724777,0.574068076119954,1,1.02060134595147,-0.034764467360672,1.76895125925308,2,0,1,0.0280415658855234
69,1,1,1,6.02006481703782,-0.545565044967866,1,-1.09071914402641,1.43873394585047,5.77004961732897,3,0,2,3.75805809311387e-10
69,3,1,3,6.39053586043478,-0.152908080373741,1,-0.609824901906339,0.422774223649529,6.14052066258484,3,0,2,2.23402897381841e-10
69,4,2,2,3.91047846731735,-0.636358834698772,1,-0.420177445675881,-0.40028388216966,3.40540666896175,3,1,0,0.000260815649898192
69,5,1,2,3.41192808114575,1.88411424796881,1,2.25354480527273,-0.496023184600355,2.90685631229072,3,1,2,0.0102459402156031
70,3,1,3,4.4417954914552,0.0161229989539319,1,0.272085977528113,-0.113596466475252,4.00138576301523,2,0,1,0.000170076070615725
70,4,2,2,3.36649187988563,-0.0720033539079737,1,0.855414167422413,-0.100389699129222,2.87678384695736,2,1,0,0.00279321818167473
70,5,1,2,4.74658057944146,-0.695477203220104,1,-0.107504789756966,0.636742038950659,4.47975591410951,2,1,1,2.3521712356622e-05
71,1,1,1,1.7290744477578,1.76686292598599,1,1.32687613997959,-1.22317098672465,0.976471947021378,2,1,0,0.0788498692243619
71,2,2,1,1.40691305744283,1.54252463376633,1,1.86327898153401,-1.13634197291198,0.65431219869004,2,1,1,0.256792537164733
71,4,2,2,3.83722804907232,0.070228716438587,1,0.671528564637666,-0.161603086459827,3.59113453383671,2,0,1,1.42086094783643e-06
72,1,1,1,5.23845273964539,-0.420654085466785,1,-0.493079564581198,1.19198131200331,4.99208060501058,3,0,2,4.33445025868592e-07
72,3,1,3,4.20267618440861,0.554685224757328,1,0.568071096071439,-0.774021018913357,3.82210438960376,3,0,2,0.000228016327183363
72,4,2,2,1.1455095111191,0.855754191242226,1,1.45479166563842,-1.73840057202553,0.42887837757661,3,1,0,0.302229444303096
72,5,1,2,3.20627980533861,-2.50764466589669,1,-1.81744318898237,-0.203284238754052,2.78202301300591,3,1,2,0.000103956670551654
73,2,2,1,6.68261596218494,-0.166619761967031,1,-0.633572106657629,1.23993680823414,6.43139297031341,3,0,1,1.03561066481986e-08
73,3,1,3,1.35002566946134,-0.834420223813495,1,-1.48390071095536,-1.45535820013683,1.10068824059583,3,0,1,0.000177487615407649
73,4,2,2,5.27859222348869,-0.241729151595638,1,0.386366181807898,0.246893182850016,4.42826997935251,3,1,1,2.18848061463979e-05
73,5,1,2,0.892038532857477,1.32127994540117,1,1.49391217277674,-2.69007199241045,0.0187750428867879,3,1,1,0.427827411041954
74,1,1,1,6.39507023213432,-0.0590447357020519,1,-0.218907933842374,0.0502494328615381,6.39507023213432,1,0,1,2.12999321847284e-06
74,5,1,2,6.7828880422437,-0.220353802141031,1,-0.56578468172129,0.959429737448113,6.7828880422437,1,0,1,2.25619361611532e-07
76,1,1,1,3.1476741331481,0.0642703448168887,1,0.100499123577101,-0.506424899213094,2.68060650026465,3,1,2,0.00194466713308842
76,2,2,1,2.4784283327396,-0.48053000472463,1,-0.303477752054004,-1.38630956716663,1.97517437366761,3,1,0,0.00515583800063289
76,3,1,3,9.12636531414042,-2.32336511907358,1,-2.2069443529145,1.4222647661861,8.87636184296383,3,0,2,7.91726133185436e-16
76,5,1,2,4.16331278207281,1.17799491245153,1,0.895819915196429,-0.0570190358955397,3.90316464355878,3,0,2,0.000164175025786796
77,3,1,3,5.40788132136119,-0.0515768903299655,1,0.193434954888841,-0.0339124188439538,5.15786546515123,2,0,1,5.45116642014543e-08
77,4,2,2,3.56540820744914,-2.06978066308552,1,-2.84651134667405,-0.11044218857546,3.06023441647402,2,1,0,4.59438463648842e-05
77,5,1,2,3.30043205462991,2.49841630162787,1,2.07029443589828,-0.404238291883677,2.79526082497717,2,1,1,0.0106591659202183
80,3,1,3,6.1202695462482,-1.02837293908874,1,-1.02141399599565,0.102018290827702,5.87025496576716,1,0,1,6.33926315332e-10
80,5,1,2,2.06481694123971,-0.0783503917893142,1,-1.21992298043117,-0.276568069561283,1.56270044852888,1,0,1,0.00472779698366907
81,3,1,3,5.24142517357394,0.253948251325786,1,-0.335178467513063,0.339967539573047,5.24142517357394,1,0,0,2.00337715031911e-05
81,4,2,2,4.15494126521418,-0.921815554685374,1,-1.76118256451969,0.303291378957368,4.15494126521418,1,0,0,4.22829167180851e-05
82,1,1,1,3.54079924950088,-0.587230079480049,1,-1.02421127834472,-0.222669240887355,2.8230267901312,2,1,0,0.000210001642270317
82,2,2,1,1.88466071128693,2.11409194834613,1,2.9408999352631,-1.57352492499765,1.16614120716203,2,1,1,0.303915049878927
82,4,2,2,4.3630835597598,0.713990606283638,1,0.356739188164757,0.418359976240881,4.13453906952665,2,0,1,8.56480014896437e-08
83,3,1,3,3.78107658834937,0.167416000556927,1,0.380607991433246,-0.23781338896312,3.36423540277874,1,0,1,0.000759472016245448
83,5,1,2,5.48670242545374,0.351308904808055,1,0.413560551403939,0.857987990487809,5.23240466306518,1,0,1,8.83402144660026e-07
84,2,2,1,2.52359651913686,0.415184200700409,1,0.189622208677673,-0.396171251586551,2.01995936239778,1,0,0,0.00770723096866103
84,5,1,2,3.05081476265286,-0.70789464856953,1,-2.04942592682526,-0.861889759735216,2.55091613618959,1,0,0,0.000286125244123964
85,1,1,1,3.41787588751284,-0.0699176772712553,1,-0.250563515389788,-0.14042087784705,3.1678738184439,3,0,2,2.56997622494745e-06
85,3,1,3,0.156530746635698,-1.56911667996627,1,-1.19048146597042,-1.73261025374216,-0.454387566372666,3,0,2,0.18157813033351
85,4,2,2,2.75826890688874,0.161468186907017,1,-0.629947623948603,-0.314663489482221,2.25739572113901,3,1,0,0.00174848665750802
85,5,1,2,4.94144194665529,-0.2110487112615,1,-0.213535118679706,0.405742795535259,4.69100409907395,3,1,2,6.24289791295148e-09
86,1,1,1,2.92047625876291,0.0269136819428344,1,0.296403689849106,-1.40330888956328,2.4285552295089,2,1,0,0.00388259297080305
86,2,2,1,3.54559479865733,0.93047815904425,1,1.21911999000117,0.265782344407398,3.0536746260925,2,1,1,0.00279821414023785
86,4,2,2,6.23873860800077,-0.32356116859703,1,0.0617156769701869,0.828249902065815,5.98950661923467,2,0,1,5.79565269500477e-09
87,1,1,1,6.95512273678325,0.0637124302069877,1,0.935751167720955,2.12186684799681,6.70510849486383,2,0,2,1.14738527599552e-09
87,3,1,3,4.08104597785353,-0.786928635557967,1,-0.533399417257231,0.0149493540235121,3.83087019000059,2,0,2,5.97590928236964e-06
87,5,1,2,2.46328916892526,0.757238083021436,1,-0.441927523650528,-0.528622651542816,1.9618617624835,2,0,2,0.00463646402124797
88,1,1,1,3.36291224253848,1.95504235278999,1,1.56010909657225,0.00155196056776162,2.86029975153646,1,0,0,0.00554025454516343
88,4,2,2,2.19804587614008,-0.459579866521007,1,0.696959265933501,-1.60120123605819,1.6859201042483,1,0,0,0.0240136723320122
90,1,1,1,5.26241936299411,-1.47837337321234,1,-1.47305700618895,0.190776572635329,5.26241936299411,1,0,1,6.70008619542184e-07
90,5,1,2,4.37746001035718,-0.975074341877355,1,-1.03090943949369,0.394444071963701,4.37746001035718,1,0,1,5.59057838297871e-05
91,1,1,1,1.31365270713721,0.471238144260476,1,-0.648491588926853,-0.918834834377862,0.7989238290337,3,0,2,0.0361813000139683
91,3,1,3,5.34788903232729,0.712075534680376,1,0.914534671211312,1.26150820627801,5.09787569721067,3,0,2,8.08956610106726e-08
91,4,2,2,3.57405854447145,0.971425845977603,1,1.20210215233798,-1.02044110849746,3.07287849343205,3,1,0,0.00251431032426453
91,5,1,2,3.78043831439166,1.02919836042748,1,1.83011123144448,-0.371781542928777,3.52884150089356,3,1,2,0.000266763074187817
92,1,1,1,3.10574685066521,-1.30788928148239,1,-0.975707790792961,-0.578525753401629,2.87220518094914,1,0,1,0.000700483121734632
92,5,1,2,4.48447630145302,0.859510381577151,1,0.876330397512687,0.706358232696192,4.29676010424271,1,0,1,0.000114540542621237
93,1,1,1,7.41583611766873,0.608148463328178,1,2.00718781866493,0.588172107966775,7.16582154390345,3,0,2,1.54545347064777e-10
93,3,1,3,6.28698393849913,-0.936642894258201,1,-1.05158450517184,0.787346950465899,6.03696936507041,3,0,2,3.11355928927284e-11
93,4,2,2,4.61541969491413,0.489518618430232,1,0.764630093837618,0.571642406423871,4.0929876789046,3,1,0,0.000201370677572799
93,5,1,2,1.02965621615551,-1.08713149923667,1,-1.04327673432142,-1.51137513943879,0.507224203629104,3,1,2,0.042991921455541
94,1,1,1,4.31657070718423,2.15589071910437,1,2.60859222059088,-0.0997204585272735,3.82709750744443,1,1,0,0.00241280057671099
94,2,2,1,6.8132620561848,0.260950541465018,1,0.613590524116064,1.31431772236839,6.32378884627483,1,1,0,2.22589486740259e-06
95,1,1,1,3.01074058367541,-1.76805258152843,1,-1.73649867143602,-0.695115703079345,3.01074058367541,1,0,1,0.000427132945897319
95,5,1,2,5.61576603296688,-1.9075886452052,1,-2.03711421120462,0.862004880786288,5.61576603296688,1,0,1,6.98327298400731e-09
97,1,1,1,2.40431088023472,-0.0637386137527376,1,-0.931019201474439,-0.859850160193314,1.91444100691461,2,0,2,0.00320539804899795
97,3,1,3,5.14195624114431,0.303073474306801,1,0.0859206435410954,0.659196564196399,4.89265951897432,2,0,2,4.29939750293127e-07
97,5,1,2,10.5303789021855,1.23560809899959,1,1.44432705913915,2.98589630698757,10.2810990404656,2,0,2,2.8356688301196e-15
98,1,1,1,4.18589553552732,0.549250907932711,1,0.552002278937756,-0.524693721219361,3.93581928892543,2,0,2,8.6214500941661e-06
98,3,1,3,5.0770157696643,1.41152339113037,1,1.03192125469792,-0.0399528586091968,4.82699577995272,2,0,2,6.37379722639836e-07
98,5,1,2,2.40407331842217,1.49860582961025,1,0.811357340346656,-0.665852553897119,1.89536381538828,2,0,2,0.0180382951658105
99,2,2,1,2.83214018544889,-0.653314228718763,1,-1.70213485892947,-0.367976794893339,2.58187929985009,1,0,0,0.000631730271651919
99,3,1,3,6.30868729787584,-0.920797798266423,1,-1.32534119558633,0.986205914027656,6.058556557809,1,0,0,8.79995888373556e-07
100,1,1,1,4.14996054946163,-0.827896700617612,1,-0.558305528512331,-0.252969475119838,3.9001971961655,2,0,2,5.39418157243884e-08
100,3,1,3,6.1900703806206,-0.371517006404896,1,-0.205751674866013,0.815873362452093,5.94030706435215,2,0,2,3.11972403540183e-11
100,5,1,2,0.918767509284066,0.0118210181708128,1,0.60140651271867,-1.55497088789486,0.273514621574844,2,0,2,0.225110561122219
101,1,1,1,2.90884177611898,-0.441443774674468,1,-0.185854164951932,-0.424787999540632,2.63576843659643,2,0,1,0.00100634866880108
101,4,2,2,4.92526842856756,-0.158428904847733,1,0.433883540805735,0.788377028469921,4.4346745777247,2,1,0,8.08640095473039e-05
101,5,1,2,3.04107578727095,1.20348854815854,1,0.878433805512154,-0.469035986780965,2.61557646371484,2,1,1,0.00498268298123962
102,1,1,1,7.07416357447425,-2.17190377953149,1,-1.89243400131371,0.522210233580405,6.81990213172696,3,1,1,1.65322471111959e-11
102,2,2,1,4.01098872228473,-0.0737534794107445,1,-0.289941775715741,0.113074986133281,3.75087782756953,3,1,1,7.04435038828139e-05
102,3,1,3,3.90497728844005,0.338714581813203,1,0.552582040252115,0.207592713357914,3.48768746689582,3,0,1,0.000703860028536878
102,4,2,2,3.59491465894089,0.989114291684601,1,0.0820574778816036,0.0163430317065388,3.19932183744262,3,0,1,0.000782978929573288
103,1,1,1,8.89920218335606,-0.116494176856512,1,0.140596366870432,1.60527488508807,8.71162384213337,1,0,1,1.21095931126967e-12
103,3,1,3,4.68252377657172,1.64097986690688,1,1.48866027312018,0.121238451126204,4.4323672403137,1,0,1,0.000379457934590117
104,1,1,1,2.46076446091833,-0.906850365254878,1,-0.97491590960327,-0.952731519169342,1.95964380493992,2,0,1,0.00272381265866273
104,4,2,2,3.29470033677884,0.769736674527952,1,1.56375004845275,-0.169690965246055,2.79166718057126,2,1,0,0.00650669247807477
104,5,1,2,6.91523218784172,2.24406147736682,1,2.11831610290196,0.221491777530964,6.6635796779225,2,1,1,2.41947649855545e-08
105,2,2,1,7.25854438340013,0.686133878539841,1,0.683659948736034,1.05216639488763,6.77027316440184,1,0,0,9.80193981455799e-07
105,3,1,3,2.88061229865233,0.0480941178953567,1,-0.410456868132449,-0.564535726787875,2.39132859197297,1,0,0,0.00208337106684314
107,1,1,1,4.61159652822077,0.906999082917581,1,0.643446851440246,0.891557902266513,4.3592204054984,2,0,2,4.07066151062826e-05
107,3,1,3,3.834437838717,-0.4441830903418,1,-0.207185786648283,-0.465096309646458,3.5666186620513,2,0,2,0.000166294463666557
107,5,1,2,2.74603659128599,-1.42762331375284,1,-1.69582196049157,-0.28864621620898,2.38974168853408,2,0,2,0.000658584435159862
109,1,1,1,6.31892336736717,0.208229402419018,1,-0.020586973081303,1.41775580830431,5.82402220548672,2,0,1,1.29559738587741e-06
109,4,2,2,-0.590708935884806,-0.0415458178582888,1,-0.809221429946041,-2.29199758908731,-1.81616562553526,2,1,0,0.591988839903128
109,5,1,2,7.29508271965022,-0.559944746314892,1,-0.92709199935248,1.18627351565647,6.70332801299994,2,1,1,4.2591930094203e-09
110,3,1,3,3.03427994679415,-1.22081878946042,1,-1.34773558549077,-0.171546034651915,2.61710751628028,2,0,1,0.000599914031587478
110,4,2,2,3.59413291711808,-0.000634094718828975,1,0.636004924982582,-0.758608688849597,3.17642520193869,2,1,0,0.00142399730963174
110,5,1,2,4.55151660046717,-0.807026437569325,1,-1.87568283390809,0.503989760251176,4.29687423099677,2,1,1,4.82847337237086e-07
111,1,1,1,5.6225803112804,0.0450788406132497,1,0.241275985425748,0.358275723981911,5.37256449650737,1,0,1,5.03448791601389e-08
111,5,1,2,2.11513417214877,-1.09869628526819,1,-0.978589675763372,-1.06607194967744,1.61266075630754,1,0,1,0.00543815356640962
112,1,1,1,4.58510676747787,0.376116982941121,1,0.25374275655416,-0.187418719191697,4.33508267032646,3,1,1,1.07867114884759e-06
112,2,2,1,6.70146220214969,-0.308876911922484,1,-0.214989211773375,0.579743720781817,6.42644492774253,3,1,1,5.11333351233766e-07
112,3,1,3,3.3218361115932,2.00822270196999,1,2.53419160755835,-0.927314853382873,2.8138803121595,3,0,1,0.0161505630426338
112,4,2,2,6.07182083190365,-0.703575319854236,1,-0.722636508458736,1.10475303819151,5.64880470972985,3,0,1,2.299145051053e-06
115,4,2,2,3.05331693867513,0.615849770945183,1,0.913881500541693,-1.04535701724144,2.55079318407578,1,1,0,0.00552597482931634
115,5,1,2,6.85090935205198,0.478091687363413,1,0.544413384558144,0.152329263838353,6.34838559554035,1,1,0,1.92045475158741e-06
116,2,2,1,2.41319562284762,-0.957473557765941,1,-1.6943533461885,-0.92084338017953,1.99550791310732,1,0,0,0.00146982784578043
116,3,1,3,4.47226274878238,-0.129728979821404,1,1.10682063076429,-0.522985052062832,4.05499856233335,1,0,0,0.000393838247744361
117,1,1,1,8.02810503439828,-0.172041658323053,1,-0.593019861823315,1.41501207440019,7.77633534802337,2,1,1,2.26361150172093e-13
117,2,2,1,2.4116227319121,0.685995426240302,1,-0.121067610029463,-0.0991223931412401,1.90831157844706,2,1,0,0.00697001388233323
117,3,1,3,2.67291520024797,1.36232011594195,1,1.14219021210297,-1.42583448895849,2.16569741991861,2,0,1,0.0146185329219381
118,1,1,1,3.6324354767549,-0.836434043088895,1,-1.13369330832438,0.233594005475928,3.39519941893704,2,0,1,3.10718852836966e-07
118,4,2,2,1.02195830264214,0.886843714725631,1,0.969894115690652,-1.19657699258843,0.295016169111397,2,1,0,0.234978286856261
118,5,1,2,1.84547075150355,1.46416069849382,1,1.50394863509085,-1.6297079178791,1.11853159869236,2,1,1,0.0772093623017668
119,1,1,1,4.55062495436586,-1.40390603268764,1,-1.30807213647183,0.385953158785945,4.30126671322877,1,0,1,6.1540096175844e-07
119,3,1,3,3.72200060927635,0.917779732665507,1,0.924666100758938,-0.188085790843999,3.23323816563333,1,0,1,0.0014721697347027
120,2,2,1,9.45157258026003,0.519314464423448,1,-0.364045761414858,2.23815419983516,9.20155710445041,1,0,1,5.36909325438965e-16
120,4,2,2,1.48336367210908,-0.22066567331687,1,-0.439577523805911,-0.526535189797186,0.966950656019812,1,0,1,0.0320990019974744
122,4,2,2,4.34525141504612,0.944020114415745,1,0.954554347201479,0.0593582977383695,4.34525141504612,1,1,0,0.000436641848688427
122,5,1,2,4.94201856241052,-0.824574895583536,1,-1.442649936444,-0.622076106202568,4.94201856241052,1,1,0,1.20416890004687e-05
123,4,2,2,7.6794525565961,-0.85048658535759,1,-2.10618921749993,1.30135969521061,7.17567767698979,1,1,0,2.57944912298231e-08
123,5,1,2,3.6513348940027,2.27837015994981,1,2.47967931804337,-0.147169511390656,3.14756001640991,1,1,0,0.00797853055614085
124,1,1,1,5.31380941838759,-0.901800496710586,1,-0.598992766312797,0.047739880660628,5.12814656520685,2,0,2,3.56906898676635e-07
124,3,1,3,4.91244965730525,0.906364307113372,1,2.19293182459683,0.78411663967853,4.66794497043794,2,0,2,0.000472958623023718
124,5,1,2,4.45164848482135,-0.230440339222455,1,-0.241792893314845,-0.758321724938907,4.26427133038331,2,0,2,2.29372714338108e-05
125,1,1,1,2.8872300381566,0.716901163516364,1,0.498631148083576,-0.61522663011745,2.63572486979904,3,0,2,0.000520843435764863
125,3,1,3,1.78365286751678,0.14164875654156,1,0.512061085253067,-1.75630023737513,1.2781248689809,3,0,2,0.044206099059646
125,4,2,2,6.97077400992112,-0.239920582376175,1,0.0519866460626048,1.46728362850868,6.47065957619912,3,1,0,8.86166019520675e-07
125,5,1,2,2.39467871180587,-0.305856565070376,1,-0.163287641582969,-0.568290740740985,2.14179708085659,3,1,2,0.000994079531964701
126,3,1,3,5.26949824792152,0.657247236226971,1,1.34836553282346,-0.00560370637632448,4.99709401530249,2,0,1,4.8692472345097e-05
126,4,2,2,4.21833735573898,1.48021560347519,1,1.72568351336087,0.20926863653536,3.80081284170846,2,1,0,0.00121571736228276
126,5,1,2,4.17974501198477,-0.222232592368238,1,-0.222979402115663,-0.0546528139595883,3.82065962771492,2,1,1,0.000164325221163674
131,3,1,3,3.51951445702281,-2.02249075279839,1,-2.01298127338951,0.271700105770791,3.51951445702281,1,0,1,5.8681103796932e-05
131,5,1,2,4.22269302193013,0.270098397567716,1,-0.05998429684261,-0.793335324718445,4.22269302193013,1,0,1,0.000175107042263663
132,1,1,1,6.6968311143842,0.045723701036235,1,0.0835034160715886,2.14087948934672,6.6968311143842,1,1,0,1.65755531246033e-06
132,2,2,1,6.81238283505534,0.866738351340644,1,1.6456999176851,0.67740561354919,6.81238283505534,1,1,0,6.27414282321639e-06
133,2,2,1,3.67364789270786,0.314946863287951,1,0.223229566626295,-0.846529746675354,3.25646507980502,1,0,0,0.0008048069195955
133,5,1,2,4.60487538155696,-1.21777837195323,1,-0.999944435410209,-0.0061066527780818,4.18799435717086,1,0,0,3.67807061204202e-05
134,1,1,1,0.436252503558691,0.655383278040273,1,-0.292590280883419,-2.38909522063094,-0.219683373723695,1,0,1,0.237741110240162
134,3,1,3,3.25770595844122,-0.365089407959036,1,-0.374415970172693,0.134630130282408,3.00848977804905,1,0,1,2.5331722989285e-06
136,4,2,2,3.00006014464277,-1.95806759811779,1,-1.92055804049473,-0.334242060096716,3.00006014464277,1,1,0,0.000363022101618864
136,5,1,2,6.6081517291513,0.600691665848917,1,1.09121612574281,1.09346306814706,6.6081517291513,1,1,0,5.41977724356781e-06
138,2,2,1,3.90408944511092,1.13059946058909,1,1.45494604848864,-0.0968202824517416,3.46825923055862,2,0,1,0.00161566150187172
138,3,1,3,4.75620475836744,1.09494318459569,1,1.18855607660319,-0.0210430012905913,4.26785098261585,2,0,0,0.000242146848673288
138,4,2,2,4.03177884769373,-0.427640506309337,1,0.782724661783894,-0.00326566819362718,3.76365523451694,2,0,1,0.000252724349409721
139,3,1,3,0.800353864619423,-1.1084776208057,1,-1.43859348855734,-2.08051452410071,0.276419738247344,2,0,1,0.0456816141726494
139,4,2,2,6.98494438310708,-1.07499894993352,1,-1.29598100392831,0.615763269968286,6.48494430206724,2,1,0,2.23774289317134e-07
139,5,1,2,8.64568043906056,-0.991254688512977,1,-1.5115957112967,1.81998714159832,8.39568038775144,2,1,1,9.28120480904387e-16
141,1,1,1,2.32310257806647,-2.87179878650394,1,-3.29485478003405,-1.24070983549202,2.07374437271019,2,1,1,0.000354466653910267
141,2,2,1,4.6892170941597,-0.15795162807197,1,0.0153062443332701,-0.407816323420231,4.43903577907701,2,1,0,8.5793207964463e-05
141,3,1,3,5.01240808798683,-0.127590719758851,1,-0.410908313229979,0.837320339820956,4.82485664311937,2,0,1,2.41400011506543e-06
142,1,1,1,3.08967201151084,-1.26899147035484,1,-1.55544323108809,-0.00232297376250515,2.83930786956706,4,1,2,1.30912130437941e-05
142,2,2,1,4.047969478149,1.27181834860356,1,1.1271416582178,-0.698877379139986,3.54772107490142,4,1,1,0.000926578345553221
142,3,1,3,4.61149163812564,-1.23231254445838,1,-1.23064665930575,-0.201220050312433,4.36147592958883,4,0,2,5.69407447441377e-08
142,4,2,2,6.97132935853517,-0.117759520761418,1,-0.465515302304453,1.47782880951888,6.71772836715281,4,1,1,3.19979111882241e-10
142,5,1,2,2.90573530975382,1.41536464348286,1,1.5697868712324,-0.245223831406781,2.39924807325611,4,1,2,0.0141596019616589
143,2,2,1,4.36434899753135,-1.26379536340254,1,-1.56959672416462,-0.00631879924005305,3.87596792198079,2,0,0,3.35808585854707e-05
143,3,1,3,3.15221090123417,0.0214267010297566,1,0.565845066559371,-0.597731994846982,2.66532789191819,2,0,1,0.00319705274828698
143,5,1,2,4.39096900307555,0.71419344561606,1,0.590656028614503,-0.401746614855343,4.14071603807797,2,0,1,2.36786586834534e-05
144,2,2,1,4.22976731690872,-0.638994076609444,1,-0.594432328375399,-0.405195998871528,3.81286200987362,2,0,0,0.000116831364026058
144,3,1,3,4.32938322499986,1.08909374590032,1,1.38779661842869,-0.476467007191963,3.9122508712867,2,0,1,0.000694872610882871
144,5,1,2,6.98140620395256,-0.600009177709397,1,-0.793445337694453,1.10510421418624,6.72718457102038,2,0,1,2.18910564467233e-10
145,2,2,1,4.94268268228453,2.24816659812534,1,2.42249472338184,-0.0289600283420804,4.5264637392223,2,0,1,0.000572048831211587
145,3,1,3,3.73574342921565,0.0440865255948251,1,0.449284185009166,0.213123031307658,3.31837965344846,2,0,0,0.000890552426782129
145,4,2,2,5.15153451894957,-0.43950659461545,1,0.0676943381872727,1.11790411797037,4.8970231358833,2,0,1,2.23494415223228e-06
146,2,2,1,7.21582044692047,0.0374960280498001,1,0.00432400838705502,1.67824407869211,7.21582044692047,1,0,0,5.42362878974075e-07
146,3,1,3,5.06005912469588,-1.45170503400066,1,-1.12175762817242,0.681097717741685,5.06005912469588,1,0,0,1.31132218761033e-05
147,1,1,1,3.37591305882222,0.167060300274923,1,-0.512402037363389,-0.617420467282308,3.12548481830215,1,1,0,0.000699415444740659
147,2,2,1,3.80554773080319,0.403850906846969,1,-0.3816868529631,-0.10918958024464,3.5551194869297,1,1,0,0.000337542270254033
148,3,1,3,2.97126398053301,0.886064625943008,1,1.05746755799147,-1.13093415981905,2.4679299965715,1,0,1,0.00750048595205499
148,5,1,2,3.91433046196348,-0.494766844378496,1,-0.980075365056396,0.477311706106924,3.6642665186098,1,0,1,2.93108106521352e-06
151,2,2,1,5.79054611833836,-0.0864282894780995,1,-0.366946606056614,0.427850636340456,5.79054611833836,1,0,1,6.47012648334884e-06
151,4,2,2,7.76557816648572,-0.0436797027746985,1,-0.179489258273335,1.66874096796937,7.76557816648572,1,0,1,3.48942665151504e-09
153,1,1,1,4.81296263384644,2.05610934127289,1,1.5340385157978,0.907484974263257,4.56701945432812,2,0,2,3.18947328044205e-05
153,3,1,3,2.35534783179292,-1.7140920490637,1,-1.44567616052417,-1.89868084451651,2.04574589805872,2,0,2,0.00153068516725405
153,5,1,2,2.98884791568961,0.0867872251358283,1,-0.239147945903218,-0.50650485275327,2.68853372681514,2,0,2,0.00135631511817091
154,3,1,3,4.34276898701021,-0.446632996385325,1,-0.421790487078699,0.136272795794847,4.34276898701021,1,0,1,0.000106786701181098
154,5,1,2,4.71240107843216,-0.411838164861685,1,-0.962491545898485,1.06237533102155,4.71240107843216,1,0,1,8.25569210589891e-06
155,3,1,3,8.84921673651124,-0.522337453406333,1,-0.870984657098792,1.92258933261849,8.34938249429807,1,0,0,8.34921401791309e-09
155,4,2,2,2.86660558242715,1.47575155176206,1,2.29703268639611,-0.597594218520421,2.35068318089537,1,0,0,0.0311837304396414
157,1,1,1,8.63453923244649,-2.83732479393379,1,-2.9780063936217,2.03085674353313,8.38448423948416,3,1,1,4.56296482423331e-16
157,2,2,1,4.23199969245926,0.114271478263393,1,-0.262563794050835,-0.0594516682817254,3.73221133366626,3,1,1,0.000161275667728146
157,3,1,3,2.51736497451418,-0.0826292424749294,1,-0.141843611685618,-0.709857916542507,2.01479637000995,3,0,1,0.00561470461099568
157,4,2,2,6.71727242976411,-0.426209496919666,1,-0.0148060228898595,0.224471544379223,6.46724833961902,3,0,1,1.27469878266396e-08
158,1,1,1,2.87255401697053,-0.847854463344886,1,-0.637939034741937,-0.670537432408073,1.3529115268089,3,1,1,0.000555741721171308
158,2,2,1,-0.615853849107457,-1.04084276335727,1,-0.519135795469306,-2.42287272861494,-2.1363127608852,3,1,1,0.670596321427564
158,3,1,3,9.44159530550889,0.430592796830776,1,0.930864932145733,0.729594135353789,5.04685289225477,3,0,1,4.9650689252672e-14
158,4,2,2,5.72757836233667,0.33409923041223,1,0.284520493005515,0.16508826842459,5.47758421540131,3,0,1,3.19770007120412e-11
159,1,1,1,5.95716319270779,-0.217160698025115,1,-1.0921809595782,0.266218567664981,5.70287706999613,3,1,1,6.83078732585056e-08
159,2,2,1,4.66102369452745,0.155217955010418,1,0.928253653217348,-0.119419781884103,4.40339726114084,3,1,1,5.00409836363925e-05
159,3,1,3,4.7995197609911,-0.724568351935685,1,0.083706663149404,-0.159127306969833,4.38282369978377,3,0,1,7.35980645063997e-05
159,4,2,2,3.07477690782195,-0.908914389579036,1,-0.761590870482855,-0.731246352133751,2.67038812729626,3,0,1,0.00097081938510555
160,3,1,3,4.07850790528005,-0.543110180709387,1,-1.50290500543356,-0.228731090085541,3.82408783583902,1,0,1,3.14139880803894e-06
160,5,1,2,3.97684108580371,1.43857799121618,1,1.30217289084871,-1.07438196773985,3.55999914212784,1,0,1,0.00128883147236167
161,2,2,1,3.26507352407967,-1.55359180083512,1,-2.1945870605888,-0.469640474651037,2.76516144443568,1,0,0,0.000157494502678368
161,3,1,3,1.09478205050387,-1.20080173859892,1,-1.26120878833797,-1.77800212131157,0.57909623634339,1,0,0,0.0307409762052994
163,1,1,1,2.2388780031618,0.998161810618159,1,0.598416951338657,-1.32667542397727,1.72868888092294,1,1,0,0.0202436878876229
163,2,2,1,4.98108374143503,0.682964048772815,1,0.949007371612314,-0.223093587932553,4.4708946180676,1,1,0,0.000119316217469279
164,2,2,1,6.0128987797799,0.740002901968397,1,0.740913872264637,1.06250629614664,5.6682785718357,2,0,1,1.05809409510262e-05
164,4,2,2,4.45917119474842,-2.276626514699,1,-2.81521975723549,0.325630416489735,4.18067126213101,2,1,1,4.31327484478538e-06
164,5,1,2,4.79746085895315,1.47013090779448,1,2.17385067544998,-0.124914633214614,4.38041377460021,2,1,0,0.000598140868606403
165,1,1,1,4.55661957956211,-0.289486015662949,1,-1.01625239221278,-0.286664341271321,4.05685366991348,1,0,0,3.96635703551014e-05
165,4,2,2,1.77798584328817,-0.289042386597086,1,-1.63589635614069,-1.06108068340121,1.27546054167389,1,0,0,0.00553062800711404
166,1,1,1,5.74654077777521,0.322778738690709,1,0.0879893346713527,-0.264330764215202,5.49726770999527,2,0,1,3.31017148041232e-08
166,3,1,3,3.35556850694309,0.75087815911917,1,1.12090072510734,-0.865395235151537,2.86535184180034,2,0,1,0.00372023334715794
166,4,2,2,6.86003685027507,-0.57678288754529,1,-0.15365133518376,0.992793451009172,6.37162848828546,2,0,0,9.39936814054643e-07
168,1,1,1,0.91444565069486,-1.12603370912496,1,-0.948664513373587,-0.0583027183347791,0.383262876995054,2,1,0,0.0585393208977845
168,2,2,1,3.99788698489607,-0.236220827026326,1,-0.641172447809147,-0.274287464002284,3.47069744539876,2,1,1,0.000166377890319844
168,4,2,2,4.85206771564151,-1.22548858455368,1,-1.37048778343287,0.35836403397149,4.60111713554594,2,0,1,1.26986177333816e-06
169,1,1,1,-0.68241071578767,-1.76546650322387,1,-2.01656050243397,-1.02036469547598,-1.44297432258028,2,0,1,0.34259292362147
169,4,2,2,5.90297919497725,0.488150143945611,1,1.04883725688585,0.416908872867836,5.40297340278722,2,1,0,1.3998024486356e-05
169,5,1,2,5.12491005683282,1.35962748383864,1,1.66262642197886,1.4325853970496,4.87492933690368,2,1,1,4.38662068074852e-08
171,1,1,1,0.73894673650502,0.894589162876506,1,0.0589533940501472,-2.61014981296416,0.118033249776213,3,0,2,0.194817437600633
171,3,1,3,6.06879288353351,0.74752605965044,1,0.142291842023957,0.660333344562353,5.81879427660863,3,0,2,1.26801268688885e-10
171,4,2,2,5.15905194109487,-1.40803544931027,1,-1.65299346805823,-0.162301467278653,4.65904692016653,3,1,0,5.09215521502065e-06
171,5,1,2,2.24236378783858,-1.26556728140253,1,-1.6477974721876,-1.54333194813754,1.99235188225255,3,1,2,1.56841122876182e-05
172,1,1,1,6.58507601873931,0.254008519242417,1,0.618163957549354,0.439984547993524,6.15852926700235,3,1,1,1.98025122249497e-06
172,2,2,1,3.37792186176333,-0.566522542289197,1,-0.538879433312304,0.347396992074926,3.12901742794033,3,1,1,4.53298806543676e-07
172,4,2,2,1.05481239946163,1.22443540724611,1,1.64089257945838,-1.49511068829711,0.24191771741302,3,1,1,0.384915119792385
172,5,1,2,6.92701659702373,0.226041014267811,1,0.515867434242598,0.433252908865595,6.48253145795825,3,1,1,4.1101250340223e-07
174,3,1,3,6.87092391750659,-0.578805604767047,1,-0.470038834230533,0.497201945915379,6.38265428060358,1,0,0,6.71362821711786e-07
174,4,2,2,3.66516169753135,0.482302120638802,1,1.15056542433495,-0.560567322402567,3.17588756988404,1,0,0,0.00206664774829335
175,1,1,1,3.13679092042231,-0.887737626894377,1,-0.940662650050356,-0.403028815870135,2.72085432457196,2,1,1,0.000733532046321016
175,2,2,1,4.60111955039632,0.407396736088941,1,0.526992513096538,0.464807962917873,4.18388419572535,2,1,0,0.000170605822335762
175,3,1,3,5.00828157102049,0.24163627231966,1,0.15171125902977,-0.0787079081618515,4.75371949066342,2,0,1,3.65704886818911e-06
177,1,1,1,6.3055226426638,-1.29814804054949,1,-1.26765490636411,0.533373275677421,6.3055226426638,1,0,1,3.39190597229641e-09
177,3,1,3,4.56731148587656,0.45168722830628,1,0.878830179837134,0.754362157960086,4.56731148587656,1,0,1,0.000259680367166223
178,2,2,1,5.59438408617768,-0.0154844460984389,1,0.532146397573627,0.716381965261445,5.59438408617768,1,0,0,2.35348033691999e-05
178,5,1,2,4.03161240293891,-0.0690837758628915,1,0.200963304502828,-1.35565415081883,4.03161240293891,1,0,0,0.000384844975977636
179,1,1,1,6.62857280316023,-0.754164495310123,1,-1.24098801974211,1.41937904403026,6.62857280316023,1,0,1,2.86971966104105e-07
179,5,1,2,7.05372766172325,0.0954172308314306,1,-0.0196421203135154,1.17952726245977,7.05372766172325,1,0,1,6.02722502842391e-07
181,1,1,1,4.74635152538062,1.91843665120415,1,1.40123375652004,0.180102592531761,4.74635152538062,2,1,1,0.000297286938151146
181,2,2,1,4.15336711219026,0.0831550739640023,1,0.371520915577493,0.272125057252094,4.15336711219026,2,1,0,0.000357674915276344
181,5,1,2,4.64451660474966,0.137525305193675,1,-0.217397784004943,0.091068184730421,4.64451660474966,2,0,1,1.75450945075763e-05
182,1,1,1,4.05999651923197,-0.0578890725112164,1,0.491834656623566,-0.0110447716005436,3.55552979413176,3,1,1,0.000436612484596919
182,2,2,1,2.49866847556853,1.05418097674032,1,1.8930848669341,-0.304862681503109,2.22517810809672,3,1,1,0.0158541495440285
182,4,2,2,1.38123709114899,0.624158401903778,1,0.505713186723334,-1.05058667255861,0.913414434355504,3,1,1,0.0863504006311177
182,5,1,2,6.08953728261621,-1.19798322695861,1,-1.06103378797868,0.801268446152856,5.81932742841,3,1,1,5.82932594306785e-09
183,2,2,1,3.59877498108961,1.0975123286509,1,0.00320920242644229,0.47434956388798,3.18143940941881,1,0,0,0.000749639422622092
183,5,1,2,3.48990268603514,0.23286245912538,1,-0.116813896544128,-0.703097444301973,3.07253683839607,1,0,0,0.000826594139548284
184,1,1,1,1.16947073982916,-0.323132018736212,1,0.89314984817047,-1.15802292271084,0.554354377812637,3,1,1,0.189233114043353
184,2,2,1,4.88141175399401,1.77276162057129,1,1.84441781815954,0.175560297963209,4.57286508134198,3,1,1,1.38322325088119e-05
184,3,1,3,2.64322286297227,0.475028064234866,1,0.756883915238426,-0.652988270986138,2.39291121971563,3,0,1,0.000396705655276287
184,4,2,2,2.10969290887602,-0.798392314737024,1,-0.647971284647503,-0.695707444389681,1.60771319205733,3,0,1,0.00618015562753493
185,1,1,1,7.25274068491532,0.527895542818102,1,-0.321855631708794,1.63083649246029,7.00303335902434,1,0,1,1.46574117584181e-12
185,5,1,2,1.34576857464301,-0.00542548797080157,1,0.205562621805757,-1.48476145159393,0.804146387855618,1,0,1,0.0768472855366613
186,2,2,1,3.73686349252727,-1.14746392573803,1,-1.66425089499168,-1.06744900484835,3.2370325860773,2,0,0,0.000106005628029213
186,3,1,3,2.16597382371378,-0.18072481369719,1,0.0655336912988793,-1.16750552936673,1.65918422025629,2,0,1,0.0138363685440798
186,5,1,2,6.12859361492404,1.0835377801496,1,0.835750430058362,1.06800433329051,5.87857809299207,2,0,1,8.43816947273988e-09
187,1,1,1,-0.399254654823432,0.262455733993014,1,0.567057166857705,-1.58920335077283,-2.8582256773923,1,1,0,0.796662856268335
187,2,2,1,6.93399504397763,-0.261452898523317,1,-1.11492681341832,0.894099158167525,5.17173413038789,1,1,0,6.32730035137885e-08
188,1,1,1,2.89440942296642,-0.519443367540109,1,-0.379534087205333,-0.378103024304727,2.64439624342066,3,1,1,1.71737333387434e-05
188,2,2,1,6.24780001493597,-0.542027384256727,1,-0.243384925098428,0.896925670516216,5.99778983936215,3,1,1,1.98236763378342e-08
188,3,1,3,0.482734265724595,0.0665096727268637,1,-0.590837164517973,-0.714740648945192,-0.122600987427608,3,0,1,0.174115745216139
188,4,2,2,4.72909295098135,1.00132325187184,1,1.5248913629842,-0.0362932876575145,4.22898201070916,3,0,1,0.000296042359638208
189,1,1,1,5.33921661132262,-0.0812689561363282,1,0.297271996224596,0.726181071443824,5.0899393503749,1,0,1,2.43054181708294e-07
189,3,1,3,3.51248559734065,1.33461477529441,1,1.4886657961224,-0.6527581608105,3.02217337904316,1,0,1,0.00392546763274689
190,1,1,1,6.575270395794,0.140105684910278,1,-0.175532501164803,0.53459985023744,6.38755613640543,3,1,1,6.17098720892197e-09
190,2,2,1,3.30296146358635,-0.343196893596835,1,-0.984893247117876,-0.748535791152522,3.05848397503174,3,1,1,0.000492343132306576
190,3,1,3,4.94870427027086,2.43030519217732,1,2.14771373792766,-0.180132177211681,4.69842678187261,3,0,1,0.000430462635940104
190,4,2,2,5.11014335660873,0.536796084221417,1,1.13527379771304,1.29658806120812,4.92266973111762,3,0,1,2.47984813241215e-05
191,2,2,1,3.50742287722341,-1.86389781343245,1,-2.6599829942196,-0.763840164491588,3.25740221485679,2,0,1,4.14196081169882e-07
191,3,1,3,4.19056591867317,-0.232277857270774,1,-0.090562365888008,-1.63003821914997,3.69070066534359,2,0,0,0.000207308701248594
191,4,2,2,3.39107534956671,1.69723382691839,1,2.11979004862583,0.624674606747292,2.88661745076508,2,0,1,0.00935363582559799
192,2,2,1,3.82826779196989,0.603059354504315,1,-0.406135601248032,-0.643288129958931,3.35490604374342,3,0,1,0.000303134324816653
192,3,1,3,4.05290137272069,2.94502905205053,1,3.43543251170835,-0.428485843288398,3.54873225974043,3,0,1,0.00927633644560153
192,4,2,2,4.01426467966242,-1.60995518069169,1,-1.44297298728861,0.245338898941405,3.7570079388208,3,1,1,1.81108951768541e-05
192,5,1,2,4.51761055266373,1.54398011177032,1,0.601852932030523,0.637519884108526,4.26752538920695,3,1,1,4.99894099568272e-06
193,1,1,1,6.51125709224386,1.20616236734269,1,0.90837993869267,0.975722002917769,6.26196124665374,4,1,2,3.53917556421983e-08
193,2,2,1,5.25606161716002,-1.6571840227946,1,-2.16378830072982,0.785158208068612,5.00677790855584,4,1,1,4.174316286352e-09
193,3,1,3,3.95651095716002,0.786885926298398,1,0.838345329970002,0.146889620220014,3.46775744260717,4,0,2,0.000843566675806126
193,4,2,2,3.95747174907751,1.51450717608848,1,1.85426073530822,-1.28392802554259,3.46798024490719,4,1,1,0.00232541279051069
193,5,1,2,9.1818145052477,0.11708153601607,1,0.276944731568409,1.54183023374777,8.93195142421326,4,1,2,2.29726482159799e-13
194,1,1,1,3.18445427185469,-0.628073855605976,1,-1.01064618763476,-0.407219442770698,2.93418926827777,1,0,0,0.000623466328273721
194,4,2,2,5.6003130674162,0.206535003872338,1,1.00698054799367,1.13911150958053,5.35016898544685,1,0,0,3.73825457307433e-05
195,1,1,1,2.21852650781031,-0.10030549512283,1,-0.337809644402206,-0.940920734320481,1.71455195302973,2,1,0,0.00836854879271304
195,2,2,1,7.59533368458145,-1.17575416706903,1,-0.923329993175889,1.45500035786488,7.34319214555206,2,1,1,1.1945098379189e-09
195,4,2,2,6.33632224066522,0.858297260996797,1,0.981695572299601,1.05409023195473,5.83663226227548,2,0,1,8.29852303516676e-06
196,1,1,1,4.58086829899693,1.40917471769394,1,0.655153645605428,0.101189168687468,4.33086691727089,1,0,1,6.15416918317678e-07
196,3,1,3,2.26298794234157,1.62701597305142,1,1.75315911423088,-1.25873440327755,1.73175117714256,1,0,1,0.0588105793710493
197,1,1,1,2.32331462120551,-1.78812952580452,1,-1.48223354621459,-0.720435595646978,2.04502802180576,2,1,1,0.000975247720181216
197,2,2,1,5.62546297493888,0.726851902641984,1,0.863042571002568,-0.296041825656582,5.13681843084192,2,1,0,3.06539964473775e-05
197,3,1,3,2.83800295517917,-0.397855422908245,1,0.233246810936683,-0.356984199745046,2.42475378989708,2,0,1,0.00384642294082427
198,2,2,1,3.22582360207709,-0.81561781950896,1,-0.781322837215925,-0.267501296064561,2.9755252142847,1,0,0,0.000721849194109755
198,5,1,2,6.82580404927837,0.693600197243841,1,0.607173832650334,0.547532245033714,6.57565415866805,1,0,0,2.16052666878382e-06
199,1,1,1,5.97475636219156,1.06721206017654,1,0.368535493452311,1.08718954773911,5.5573957258146,4,1,2,9.3309538983411e-06
199,2,2,1,3.3505468598451,-0.323823399574943,1,-0.079024960005842,-0.322034256224447,2.93364800784419,4,1,1,0.00113378049498999
199,3,1,3,8.23752726837202,0.882158472831093,1,0.145121198718002,1.69862837547559,7.98327572612146,4,0,2,6.99898688122255e-10
199,4,2,2,4.76594919272919,-1.02895966413917,1,-0.389682786694144,0.440001488729665,4.51157737240925,4,1,1,2.11782138903194e-06
199,5,1,2,9.12334550539805,1.51297257497651,1,1.37491533697242,1.67627991180704,8.86909845152531,4,1,2,2.3680829257567e-10
